Workbook

Sheet Instructions
B2: This assignment is designed to test multiple skills. We are interested in seeing your ability to interpret financial data, to work efficiently in Excel and to clearly present your own work. Do not worry if you are unable to calculate any of the specific numbers we are looking for; as long as you are still able to present the report well and clearly explain your workings, you will still score well. We do not expect that you will know how to calculate all of the answers, but we are interested in seeing the thought process behind your answers and whether you can clearly explain this.
B5: An Australian investor holds two different asset classes, Equities and Fixed Income. Please construct a simple report (on the 'Report' sheet) using the data provided which calculates a total monthly return for January 2020, for both Equities and Fixed Income, as well as an aggregation of the two. Feel free to add as many sheets for working as needed, but please do include all of your workings. Note that all data is shown in the currency indicated by the column CCY_ID. You can find relevant exchange rate data on the "Exchange Rates" tab. The investor would like to see their results entirely in AUD terms. If possible, the investor is also interested in knowing: - What their return would have been if they had 75% of their assets in Equity and 25% in Fixed Income - The security which contributed the most to their portfolio over the month - The security which detracted most from their portfolio over the month Key Formulas: Gain := MV(t) - NI(t) - MV(t-1) + I(t) Return:= Gain (t) / MV (t-1)

Sheet Report

Sheet Equities
A1: PORTFOLIO | B1: SECURITY | C1: CCY_ID | D1: VDATE | E1: MV | F1: NI | G1: I | H1: AUD MV | I1: AUD NI | J1: AUD I
A2: EQUITY | B2: SEC_52162 | C2: AUD | D2: 43830 | E2: 8702.6502 | F2: 8922.9649 | G2: 0 | H2: =IF(C2="GBP",E2*VLOOKUP(D2,'Exchange Rates'!$F:$G,2,FALSE),IF(C2="NZD",E2*VLOOKUP(D2,'Exchange Rates'!$I:$J,2,FALSE),E2)) -> 8702.6502 | I2: =IF(C2="GBP",F2*VLOOKUP(D2,'Exchange Rates'!$F:$G,2,FALSE),IF(C2="NZD",F2*VLOOKUP(D2,'Exchange Rates'!$I:$J,2,FALSE),F2)) -> 8922.9649 | J2: =IF(C2="GBP",G2*VLOOKUP(D2,'Exchange Rates'!$F:$G,2,FALSE),IF(C2="NZD",G2*VLOOKUP(D2,'Exchange Rates'!$I:$J,2,FALSE),G2)) -> 0
A3: EQUITY | B3: SEC_53193 | C3: AUD | D3: 43830 | E3: 13495.33 | F3: 13495.33 | G3: 0 | H3: =IF(C3="GBP",E3*VLOOKUP(D3,'Exchange Rates'!$F:$G,2,FALSE),IF(C3="NZD",E3*VLOOKUP(D3,'Exchange Rates'!$I:$J,2,FALSE),E3)) -> 13495.33 | I3: =IF(C3="GBP",F3*VLOOKUP(D3,'Exchange Rates'!$F:$G,2,FALSE),IF(C3="NZD",F3*VLOOKUP(D3,'Exchange Rates'!$I:$J,2,FALSE),F3)) -> 13495.33 | J3: =IF(C3="GBP",G3*VLOOKUP(D3,'Exchange Rates'!$F:$G,2,FALSE),IF(C3="NZD",G3*VLOOKUP(D3,'Exchange Rates'!$I:$J,2,FALSE),G3)) -> 0
A4: EQUITY | B4: SEC_53431 | C4: GBP | D4: 43830 | E4: 5508.2154 | F4: 5591.5869 | G4: 0 | H4: =IF(C4="GBP",E4*VLOOKUP(D4,'Exchange Rates'!$F:$G,2,FALSE),IF(C4="NZD",E4*VLOOKUP(D4,'Exchange Rates'!$I:$J,2,FALSE),E4)) -> 10380.559 | I4: =IF(C4="GBP",F4*VLOOKUP(D4,'Exchange Rates'!$F:$G,2,FALSE),IF(C4="NZD",F4*VLOOKUP(D4,'Exchange Rates'!$I:$J,2,FALSE),F4)) -> 10537.678 | J4: =IF(C4="GBP",G4*VLOOKUP(D4,'Exchange Rates'!$F:$G,2,FALSE),IF(C4="NZD",G4*VLOOKUP(D4,'Exchange Rates'!$I:$J,2,FALSE),G4)) -> 0
A5: EQUITY | B5: SEC_55215 | C5: AUD | D5: 43830 | E5: 3346.2641 | F5: 3539.5607 | G5: 0 | H5: =IF(C5="GBP",E5*VLOOKUP(D5,'Exchange Rates'!$F:$G,2,FALSE),IF(C5="NZD",E5*VLOOKUP(D5,'Exchange Rates'!$I:$J,2,FALSE),E5)) -> 3346.2641 | I5: =IF(C5="GBP",F5*VLOOKUP(D5,'Exchange Rates'!$F:$G,2,FALSE),IF(C5="NZD",F5*VLOOKUP(D5,'Exchange Rates'!$I:$J,2,FALSE),F5)) -> 3539.5607 | J5: =IF(C5="GBP",G5*VLOOKUP(D5,'Exchange Rates'!$F:$G,2,FALSE),IF(C5="NZD",G5*VLOOKUP(D5,'Exchange Rates'!$I:$J,2,FALSE),G5)) -> 0
A6: EQUITY | B6: SEC_59945 | C6: AUD | D6: 43830 | E6: 16826.189 | F6: 17393.095 | G6: 0 | H6: =IF(C6="GBP",E6*VLOOKUP(D6,'Exchange Rates'!$F:$G,2,FALSE),IF(C6="NZD",E6*VLOOKUP(D6,'Exchange Rates'!$I:$J,2,FALSE),E6)) -> 16826.189 | I6: =IF(C6="GBP",F6*VLOOKUP(D6,'Exchange Rates'!$F:$G,2,FALSE),IF(C6="NZD",F6*VLOOKUP(D6,'Exchange Rates'!$I:$J,2,FALSE),F6)) -> 17393.095 | J6: =IF(C6="GBP",G6*VLOOKUP(D6,'Exchange Rates'!$F:$G,2,FALSE),IF(C6="NZD",G6*VLOOKUP(D6,'Exchange Rates'!$I:$J,2,FALSE),G6)) -> 0
A7: EQUITY | B7: SEC_61895 | C7: GBP | D7: 43830 | E7: 6071.6242 | F7: 6102.3399 | G7: 0 | H7: =IF(C7="GBP",E7*VLOOKUP(D7,'Exchange Rates'!$F:$G,2,FALSE),IF(C7="NZD",E7*VLOOKUP(D7,'Exchange Rates'!$I:$J,2,FALSE),E7)) -> 11442.337 | I7: =IF(C7="GBP",F7*VLOOKUP(D7,'Exchange Rates'!$F:$G,2,FALSE),IF(C7="NZD",F7*VLOOKUP(D7,'Exchange Rates'!$I:$J,2,FALSE),F7)) -> 11500.222 | J7: =IF(C7="GBP",G7*VLOOKUP(D7,'Exchange Rates'!$F:$G,2,FALSE),IF(C7="NZD",G7*VLOOKUP(D7,'Exchange Rates'!$I:$J,2,FALSE),G7)) -> 0
A8: EQUITY | B8: SEC_781 | C8: AUD | D8: 43830 | E8: 10908.404 | F8: 11161.629 | G8: 0 | H8: =IF(C8="GBP",E8*VLOOKUP(D8,'Exchange Rates'!$F:$G,2,FALSE),IF(C8="NZD",E8*VLOOKUP(D8,'Exchange Rates'!$I:$J,2,FALSE),E8)) -> 10908.404 | I8: =IF(C8="GBP",F8*VLOOKUP(D8,'Exchange Rates'!$F:$G,2,FALSE),IF(C8="NZD",F8*VLOOKUP(D8,'Exchange Rates'!$I:$J,2,FALSE),F8)) -> 11161.629 | J8: =IF(C8="GBP",G8*VLOOKUP(D8,'Exchange Rates'!$F:$G,2,FALSE),IF(C8="NZD",G8*VLOOKUP(D8,'Exchange Rates'!$I:$J,2,FALSE),G8)) -> 0
A9: EQUITY | B9: SEC_801 | C9: GBP | D9: 43830 | E9: 88746.23 | F9: 89694.03 | G9: 0 | H9: =IF(C9="GBP",E9*VLOOKUP(D9,'Exchange Rates'!$F:$G,2,FALSE),IF(C9="NZD",E9*VLOOKUP(D9,'Exchange Rates'!$I:$J,2,FALSE),E9)) -> 167247.54 | I9: =IF(C9="GBP",F9*VLOOKUP(D9,'Exchange Rates'!$F:$G,2,FALSE),IF(C9="NZD",F9*VLOOKUP(D9,'Exchange Rates'!$I:$J,2,FALSE),F9)) -> 169033.73 | J9: =IF(C9="GBP",G9*VLOOKUP(D9,'Exchange Rates'!$F:$G,2,FALSE),IF(C9="NZD",G9*VLOOKUP(D9,'Exchange Rates'!$I:$J,2,FALSE),G9)) -> 0
A10: EQUITY | B10: SEC_816 | C10: GBP | D10: 43830 | E10: 29982.815 | F10: 30220.768 | G10: 0 | H10: =IF(C10="GBP",E10*VLOOKUP(D10,'Exchange Rates'!$F:$G,2,FALSE),IF(C10="NZD",E10*VLOOKUP(D10,'Exchange Rates'!$I:$J,2,FALSE),E10)) -> 56504.397 | I10: =IF(C10="GBP",F10*VLOOKUP(D10,'Exchange Rates'!$F:$G,2,FALSE),IF(C10="NZD",F10*VLOOKUP(D10,'Exchange Rates'!$I:$J,2,FALSE),F10)) -> 56952.833 | J10: =IF(C10="GBP",G10*VLOOKUP(D10,'Exchange Rates'!$F:$G,2,FALSE),IF(C10="NZD",G10*VLOOKUP(D10,'Exchange Rates'!$I:$J,2,FALSE),G10)) -> 0
A11: EQUITY | B11: SEC_833 | C11: GBP | D11: 43830 | E11: 75707.039 | F11: 75813.482 | G11: 0 | H11: =IF(C11="GBP",E11*VLOOKUP(D11,'Exchange Rates'!$F:$G,2,FALSE),IF(C11="NZD",E11*VLOOKUP(D11,'Exchange Rates'!$I:$J,2,FALSE),E11)) -> 142674.41 | I11: =IF(C11="GBP",F11*VLOOKUP(D11,'Exchange Rates'!$F:$G,2,FALSE),IF(C11="NZD",F11*VLOOKUP(D11,'Exchange Rates'!$I:$J,2,FALSE),F11)) -> 142875.01 | J11: =IF(C11="GBP",G11*VLOOKUP(D11,'Exchange Rates'!$F:$G,2,FALSE),IF(C11="NZD",G11*VLOOKUP(D11,'Exchange Rates'!$I:$J,2,FALSE),G11)) -> 0
A12: EQUITY | B12: SEC_848 | C12: AUD | D12: 43830 | E12: 12326.062 | F12: 12684.292 | G12: 0 | H12: =IF(C12="GBP",E12*VLOOKUP(D12,'Exchange Rates'!$F:$G,2,FALSE),IF(C12="NZD",E12*VLOOKUP(D12,'Exchange Rates'!$I:$J,2,FALSE),E12)) -> 12326.062 | I12: =IF(C12="GBP",F12*VLOOKUP(D12,'Exchange Rates'!$F:$G,2,FALSE),IF(C12="NZD",F12*VLOOKUP(D12,'Exchange Rates'!$I:$J,2,FALSE),F12)) -> 12684.292 | J12: =IF(C12="GBP",G12*VLOOKUP(D12,'Exchange Rates'!$F:$G,2,FALSE),IF(C12="NZD",G12*VLOOKUP(D12,'Exchange Rates'!$I:$J,2,FALSE),G12)) -> 0
A13: EQUITY | B13: SEC_921 | C13: AUD | D13: 43830 | E13: 8365.0741 | F13: 8684.7503 | G13: 0 | H13: =IF(C13="GBP",E13*VLOOKUP(D13,'Exchange Rates'!$F:$G,2,FALSE),IF(C13="NZD",E13*VLOOKUP(D13,'Exchange Rates'!$I:$J,2,FALSE),E13)) -> 8365.0741 | I13: =IF(C13="GBP",F13*VLOOKUP(D13,'Exchange Rates'!$F:$G,2,FALSE),IF(C13="NZD",F13*VLOOKUP(D13,'Exchange Rates'!$I:$J,2,FALSE),F13)) -> 8684.7503 | J13: =IF(C13="GBP",G13*VLOOKUP(D13,'Exchange Rates'!$F:$G,2,FALSE),IF(C13="NZD",G13*VLOOKUP(D13,'Exchange Rates'!$I:$J,2,FALSE),G13)) -> 0
... A5537: EQUITY | B5537: SEC_49961 | C5537: NZD | D5537: 43861 | E5537: 6849.6189 | F5537: 0.0085059906 | G5537: 0 | H5537: =IF(C5537="GBP",E5537*VLOOKUP(D5537,'Exchange Rates'!$F:$G,2,FALSE),IF(C5537="NZD",E5537*VLOOKUP(D5537,'Exchange Rates'!$I:$J,2,FALSE),E5537)) -> 6621.4504 | I5537: =IF(C5537="GBP",F5537*VLOOKUP(D5537,'Exchange Rates'!$F:$G,2,FALSE),IF(C5537="NZD",F5537*VLOOKUP(D5537,'Exchange Rates'!$I:$J,2,FALSE),F5537)) -> 0.0082226465 | J5537: =IF(C5537="GBP",G5537*VLOOKUP(D5537,'Exchange Rates'!$F:$G,2,FALSE),IF(C5537="NZD",G5537*VLOOKUP(D5537,'Exchange Rates'!$I:$J,2,FALSE),G5537)) -> 0

Sheet Fixed Income
A1: PORTFOLIO | B1: SECURITY | C1: CCY_ID | D1: VDATE | E1: MV | F1: NI | G1: I | H1: AUD MV | I1: AUD NI | J1: AUD I
A2: FIXED_INCOME | B2: SEC_0F403 | C2: AUD | D2: 43830 | E2: 284152.3 | F2: 40.261487 | G2: 79.712013 | H2: =IF(C2="GBP",E2*VLOOKUP(D2,'Exchange Rates'!$F:$G,2,FALSE),IF(C2="NZD",E2*VLOOKUP(D2,'Exchange Rates'!$I:$J,2,FALSE),E2)) -> 284152.3 | I2: =IF(C2="GBP",F2*VLOOKUP(D2,'Exchange Rates'!$F:$G,2,FALSE),IF(C2="NZD",F2*VLOOKUP(D2,'Exchange Rates'!$I:$J,2,FALSE),F2)) -> 40.261487 | J2: =IF(C2="GBP",G2*VLOOKUP(D2,'Exchange Rates'!$F:$G,2,FALSE),IF(C2="NZD",G2*VLOOKUP(D2,'Exchange Rates'!$I:$J,2,FALSE),G2)) -> 79.712013
A3: FIXED_INCOME | B3: SEC_0JK21 | C3: AUD | D3: 43830 | E3: 286983.19 | F3: 41.39218 | G3: 77.932923 | H3: =IF(C3="GBP",E3*VLOOKUP(D3,'Exchange Rates'!$F:$G,2,FALSE),IF(C3="NZD",E3*VLOOKUP(D3,'Exchange Rates'!$I:$J,2,FALSE),E3)) -> 286983.19 | I3: =IF(C3="GBP",F3*VLOOKUP(D3,'Exchange Rates'!$F:$G,2,FALSE),IF(C3="NZD",F3*VLOOKUP(D3,'Exchange Rates'!$I:$J,2,FALSE),F3)) -> 41.39218 | J3: =IF(C3="GBP",G3*VLOOKUP(D3,'Exchange Rates'!$F:$G,2,FALSE),IF(C3="NZD",G3*VLOOKUP(D3,'Exchange Rates'!$I:$J,2,FALSE),G3)) -> 77.932923
A4: FIXED_INCOME | B4: SEC_0NF72 | C4: AUD | D4: 43830 | E4: 6827.192 | F4: 0.99617458 | G4: 1.919846 | H4: =IF(C4="GBP",E4*VLOOKUP(D4,'Exchange Rates'!$F:$G,2,FALSE),IF(C4="NZD",E4*VLOOKUP(D4,'Exchange Rates'!$I:$J,2,FALSE),E4)) -> 6827.192 | I4: =IF(C4="GBP",F4*VLOOKUP(D4,'Exchange Rates'!$F:$G,2,FALSE),IF(C4="NZD",F4*VLOOKUP(D4,'Exchange Rates'!$I:$J,2,FALSE),F4)) -> 0.99617458 | J4: =IF(C4="GBP",G4*VLOOKUP(D4,'Exchange Rates'!$F:$G,2,FALSE),IF(C4="NZD",G4*VLOOKUP(D4,'Exchange Rates'!$I:$J,2,FALSE),G4)) -> 1.919846
A5: FIXED_INCOME | B5: SEC_0P6D3 | C5: AUD | D5: 43830 | E5: 54624.525 | F5: 8.0427784 | G5: 15.575099 | H5: =IF(C5="GBP",E5*VLOOKUP(D5,'Exchange Rates'!$F:$G,2,FALSE),IF(C5="NZD",E5*VLOOKUP(D5,'Exchange Rates'!$I:$J,2,FALSE),E5)) -> 54624.525 | I5: =IF(C5="GBP",F5*VLOOKUP(D5,'Exchange Rates'!$F:$G,2,FALSE),IF(C5="NZD",F5*VLOOKUP(D5,'Exchange Rates'!$I:$J,2,FALSE),F5)) -> 8.0427784 | J5: =IF(C5="GBP",G5*VLOOKUP(D5,'Exchange Rates'!$F:$G,2,FALSE),IF(C5="NZD",G5*VLOOKUP(D5,'Exchange Rates'!$I:$J,2,FALSE),G5)) -> 15.575099
A6: FIXED_INCOME | B6: SEC_0QX34 | C6: AUD | D6: 43830 | E6: 18521.692 | F6: 3.6013512 | G6: 5.6126628 | H6: =IF(C6="GBP",E6*VLOOKUP(D6,'Exchange Rates'!$F:$G,2,FALSE),IF(C6="NZD",E6*VLOOKUP(D6,'Exchange Rates'!$I:$J,2,FALSE),E6)) -> 18521.692 | I6: =IF(C6="GBP",F6*VLOOKUP(D6,'Exchange Rates'!$F:$G,2,FALSE),IF(C6="NZD",F6*VLOOKUP(D6,'Exchange Rates'!$I:$J,2,FALSE),F6)) -> 3.6013512 | J6: =IF(C6="GBP",G6*VLOOKUP(D6,'Exchange Rates'!$F:$G,2,FALSE),IF(C6="NZD",G6*VLOOKUP(D6,'Exchange Rates'!$I:$J,2,FALSE),G6)) -> 5.6126628
A7: FIXED_INCOME | B7: SEC_135M7 | C7: AUD | D7: 43830 | E7: 48542.069 | F7: 7.2058307 | G7: 13.65956 | H7: =IF(C7="GBP",E7*VLOOKUP(D7,'Exchange Rates'!$F:$G,2,FALSE),IF(C7="NZD",E7*VLOOKUP(D7,'Exchange Rates'!$I:$J,2,FALSE),E7)) -> 48542.069 | I7: =IF(C7="GBP",F7*VLOOKUP(D7,'Exchange Rates'!$F:$G,2,FALSE),IF(C7="NZD",F7*VLOOKUP(D7,'Exchange Rates'!$I:$J,2,FALSE),F7)) -> 7.2058307 | J7: =IF(C7="GBP",G7*VLOOKUP(D7,'Exchange Rates'!$F:$G,2,FALSE),IF(C7="NZD",G7*VLOOKUP(D7,'Exchange Rates'!$I:$J,2,FALSE),G7)) -> 13.65956
A8: FIXED_INCOME | B8: SEC_14Z13 | C8: AUD | D8: 43830 | E8: 67550.793 | F8: 12.16718 | G8: 23.248632 | H8: =IF(C8="GBP",E8*VLOOKUP(D8,'Exchange Rates'!$F:$G,2,FALSE),IF(C8="NZD",E8*VLOOKUP(D8,'Exchange Rates'!$I:$J,2,FALSE),E8)) -> 67550.793 | I8: =IF(C8="GBP",F8*VLOOKUP(D8,'Exchange Rates'!$F:$G,2,FALSE),IF(C8="NZD",F8*VLOOKUP(D8,'Exchange Rates'!$I:$J,2,FALSE),F8)) -> 12.16718 | J8: =IF(C8="GBP",G8*VLOOKUP(D8,'Exchange Rates'!$F:$G,2,FALSE),IF(C8="NZD",G8*VLOOKUP(D8,'Exchange Rates'!$I:$J,2,FALSE),G8)) -> 23.248632
A9: FIXED_INCOME | B9: SEC_18757 | C9: AUD | D9: 43830 | E9: 35384.724 | F9: 5.87811 | G9: 11.72947 | H9: =IF(C9="GBP",E9*VLOOKUP(D9,'Exchange Rates'!$F:$G,2,FALSE),IF(C9="NZD",E9*VLOOKUP(D9,'Exchange Rates'!$I:$J,2,FALSE),E9)) -> 35384.724 | I9: =IF(C9="GBP",F9*VLOOKUP(D9,'Exchange Rates'!$F:$G,2,FALSE),IF(C9="NZD",F9*VLOOKUP(D9,'Exchange Rates'!$I:$J,2,FALSE),F9)) -> 5.87811 | J9: =IF(C9="GBP",G9*VLOOKUP(D9,'Exchange Rates'!$F:$G,2,FALSE),IF(C9="NZD",G9*VLOOKUP(D9,'Exchange Rates'!$I:$J,2,FALSE),G9)) -> 11.72947
A10: FIXED_INCOME | B10: SEC_20L07 | C10: AUD | D10: 43830 | E10: 8314.3559 | F10: 1.3553641 | G10: 2.3765439 | H10: =IF(C10="GBP",E10*VLOOKUP(D10,'Exchange Rates'!$F:$G,2,FALSE),IF(C10="NZD",E10*VLOOKUP(D10,'Exchange Rates'!$I:$J,2,FALSE),E10)) -> 8314.3559 | I10: =IF(C10="GBP",F10*VLOOKUP(D10,'Exchange Rates'!$F:$G,2,FALSE),IF(C10="NZD",F10*VLOOKUP(D10,'Exchange Rates'!$I:$J,2,FALSE),F10)) -> 1.3553641 | J10: =IF(C10="GBP",G10*VLOOKUP(D10,'Exchange Rates'!$F:$G,2,FALSE),IF(C10="NZD",G10*VLOOKUP(D10,'Exchange Rates'!$I:$J,2,FALSE),G10)) -> 2.3765439
A11: FIXED_INCOME | B11: SEC_5VV22 | C11: AUD | D11: 43830 | E11: 8151.6047 | F11: 1.2216141 | G11: 2.4306416 | H11: =IF(C11="GBP",E11*VLOOKUP(D11,'Exchange Rates'!$F:$G,2,FALSE),IF(C11="NZD",E11*VLOOKUP(D11,'Exchange Rates'!$I:$J,2,FALSE),E11)) -> 8151.6047 | I11: =IF(C11="GBP",F11*VLOOKUP(D11,'Exchange Rates'!$F:$G,2,FALSE),IF(C11="NZD",F11*VLOOKUP(D11,'Exchange Rates'!$I:$J,2,FALSE),F11)) -> 1.2216141 | J11: =IF(C11="GBP",G11*VLOOKUP(D11,'Exchange Rates'!$F:$G,2,FALSE),IF(C11="NZD",G11*VLOOKUP(D11,'Exchange Rates'!$I:$J,2,FALSE),G11)) -> 2.4306416
A12: FIXED_INCOME | B12: SEC_5XT07 | C12: AUD | D12: 43830 | E12: 20804.831 | F12: 3.2655916 | G12: 6.475992 | H12: =IF(C12="GBP",E12*VLOOKUP(D12,'Exchange Rates'!$F:$G,2,FALSE),IF(C12="NZD",E12*VLOOKUP(D12,'Exchange Rates'!$I:$J,2,FALSE),E12)) -> 20804.831 | I12: =IF(C12="GBP",F12*VLOOKUP(D12,'Exchange Rates'!$F:$G,2,FALSE),IF(C12="NZD",F12*VLOOKUP(D12,'Exchange Rates'!$I:$J,2,FALSE),F12)) -> 3.2655916 | J12: =IF(C12="GBP",G12*VLOOKUP(D12,'Exchange Rates'!$F:$G,2,FALSE),IF(C12="NZD",G12*VLOOKUP(D12,'Exchange Rates'!$I:$J,2,FALSE),G12)) -> 6.475992
A13: FIXED_INCOME | B13: SEC_65ST7 | C13: AUD | D13: 43830 | E13: 8014.6829 | F13: 1.3318412 | G13: 2.6576045 | H13: =IF(C13="GBP",E13*VLOOKUP(D13,'Exchange Rates'!$F:$G,2,FALSE),IF(C13="NZD",E13*VLOOKUP(D13,'Exchange Rates'!$I:$J,2,FALSE),E13)) -> 8014.6829 | I13: =IF(C13="GBP",F13*VLOOKUP(D13,'Exchange Rates'!$F:$G,2,FALSE),IF(C13="NZD",F13*VLOOKUP(D13,'Exchange Rates'!$I:$J,2,FALSE),F13)) -> 1.3318412 | J13: =IF(C13="GBP",G13*VLOOKUP(D13,'Exchange Rates'!$F:$G,2,FALSE),IF(C13="NZD",G13*VLOOKUP(D13,'Exchange Rates'!$I:$J,2,FALSE),G13)) -> 2.6576045
... A3777: FIXED_INCOME | B3777: SEC_TSNR3 | C3777: AUD | D3777: 43861 | E3777: 18298.078 | F3777: 0.48699792 | G3777: 1.0248608 | H3777: =IF(C3777="GBP",E3777*VLOOKUP(D3777,'Exchange Rates'!$F:$G,2,FALSE),IF(C3777="NZD",E3777*VLOOKUP(D3777,'Exchange Rates'!$I:$J,2,FALSE),E3777)) -> 18298.078 | I3777: =IF(C3777="GBP",F3777*VLOOKUP(D3777,'Exchange Rates'!$F:$G,2,FALSE),IF(C3777="NZD",F3777*VLOOKUP(D3777,'Exchange Rates'!$I:$J,2,FALSE),F3777)) -> 0.48699792 | J3777: =IF(C3777="GBP",G3777*VLOOKUP(D3777,'Exchange Rates'!$F:$G,2,FALSE),IF(C3777="NZD",G3777*VLOOKUP(D3777,'Exchange Rates'!$I:$J,2,FALSE),G3777)) -> 1.0248608

Sheet Exchange Rates
A1: From | B1: To | C1: Date | D1: XR | F1: GBP | I1: NZD
A2: AUD | B2: AUD | C2: 43830 | D2: 1 | F2: 43830 | G2: 1.8845594 | I2: 43830 | J2: 0.95974079
A3: GBP | B3: AUD | C3: 43830 | D3: 1.8845594 | F3: 43831 | G3: 1.8845594 | I3: 43831 | J3: 0.95974079
A4: NZD | B4: AUD | C4: 43830 | D4: 0.95974079 | F4: 43832 | G4: 1.8832534 | I4: 43832 | J4: 0.9585862
A5: AUD | B5: AUD | C5: 43831 | D5: 1 | F5: 43833 | G5: 1.8789611 | I5: 43833 | J5: 0.95867166
A6: GBP | B6: AUD | C6: 43831 | D6: 1.8845594 | F6: 43834 | G6: 1.8789611 | I6: 43834 | J6: 0.95867166
A7: NZD | B7: AUD | C7: 43831 | D7: 0.95974079 | F7: 43835 | G7: 1.8789611 | I7: 43835 | J7: 0.95867166
A8: AUD | B8: AUD | C8: 43832 | D8: 1 | F8: 43836 | G8: 1.8980338 | I8: 43836 | J8: 0.96199633
A9: GBP | B9: AUD | C9: 43832 | D9: 1.8832534 | F9: 43837 | G9: 1.9102416 | I9: 43837 | J9: 0.96571331
A10: NZD | B10: AUD | C10: 43832 | D10: 0.9585862 | F10: 43838 | G10: 1.9107307 | I10: 43838 | J10: 0.96776285
A11: AUD | B11: AUD | C11: 43833 | D11: 1 | F11: 43839 | G11: 1.9038444 | I11: 43839 | J11: 0.96337629
A12: GBP | B12: AUD | C12: 43833 | D12: 1.8789611 | F12: 43840 | G12: 1.8913209 | I12: 43840 | J12: 0.96147929
A13: NZD | B13: AUD | C13: 43833 | D13: 0.95867166 | F13: 43841 | G13: 1.8913209 | I13: 43841 | J13: 0.96147929
... A33: GBP | B33: AUD | C33: 43840 | D33: 1.8913209 | F33: 43861 | G33: 1.9690815 | I33: 43861 | J33: 0.96668887
A34: NZD | B34: AUD | C34: 43840 | D34: 0.96147929
A35: AUD | B35: AUD | C35: 43841 | D35: 1
A36: GBP | B36: AUD | C36: 43841 | D36: 1.8913209
A37: NZD | B37: AUD | C37: 43841 | D37: 0.96147929
A38: AUD | B38: AUD | C38: 43842 | D38: 1
A39: GBP | B39: AUD | C39: 43842 | D39: 1.8913209
A40: NZD | B40: AUD | C40: 43842 | D40: 0.96147929
A41: AUD | B41: AUD | C41: 43843 | D41: 1
A42: GBP | B42: AUD | C42: 43843 | D42: 1.8793707
A43: NZD | B43: AUD | C43: 43843 | D43: 0.95981449
A44: AUD | B44: AUD | C44: 43844 | D44: 1
A45: GBP | B45: AUD | C45: 43844 | D45: 1.8851598
... A97: NZD | B97: AUD | C97: 43861 | D97: 0.96668887

Sheet Daily Performance
A1: Portfolio | B1: Equity | C1: Equity | D1: Equity | E1: Equity | F1: Equity | G1: Equity | H1: Equity | I1: Equity | J1: Equity | K1: Equity | L1: Equity | M1: Equity | N1: Equity | O1: Equity | P1: Equity | Q1: Equity | R1: Equity | S1: Equity | T1: Equity | U1: Equity | V1: Equity | W1: Equity | X1: Equity | Y1: Equity | Z1: Equity | AA1: Equity | AB1: Equity | AC1: Equity | AD1: Equity | AE1: Equity | AF1: Equity | AG1: Equity | AH1: Equity | AI1: Equity | AJ1: Equity | AK1: Equity | AL1: Equity | AM1: Equity | AN1: Equity | AO1: Equity | AP1: Equity | AQ1: Equity | AR1: Equity | AS1: Equity | AT1: Equity | AU1: Equity | AV1: Equity | AW1: Equity | AX1: Equity | AY1: Equity | AZ1: Equity | BA1: Equity | BB1: Equity | BC1: Equity | BD1: Equity | BE1: Equity | BF1: Equity | BG1: Equity | BH1: Equity | BI1: Equity | BJ1: Equity | BK1: Equity | BL1: Equity | BM1: Equity | BN1: Equity | BO1: Equity | BP1: Equity | BQ1: Equity | BR1: Equity | BS1: Equity | BT1: Equity | BU1: Equity | BV1: Equity | BW1: Equity | BX1: Equity | BY1: Equity | BZ1: Equity | CA1: Equity | CB1: Equity | CC1: Equity | CD1: Equity | CE1: Equity | CF1: Equity | CG1: Equity | CH1: Equity | CI1: Equity | CJ1: Equity | CK1: Equity | CL1: Equity | CM1: Equity | CN1: Equity | CO1: Equity | CP1: Equity | CQ1: Equity | CR1: Equity | CS1: Equity | CT1: Equity | CU1: Equity | CV1: Equity | CW1: Equity | CX1: Equity | CY1: Equity | CZ1: Equity | DA1: Equity | DB1: Equity | DC1: Equity | DD1: Equity | DE1: Equity | DF1: Equity | DG1: Equity | DH1: Equity | DI1: Equity | DJ1: Equity | DK1: Equity | DL1: Equity | DM1: Equity | DN1: Equity | DO1: Equity | DP1: Equity | DQ1: Equity | DR1: Equity | DS1: Equity | DT1: Equity | DU1: Equity | DV1: Equity | DW1: Equity | DX1: Equity | DY1: Equity | DZ1: Equity | EA1: Equity | EB1: Equity | EC1: Equity | ED1: Equity | EE1: Equity | EF1: Equity | EG1: Equity | EH1: Equity | EI1: Equity | EJ1: Equity | EK1: Equity | EL1: Equity | EM1: Equity | EN1: Equity | EO1: Equity | EP1: Equity | EQ1: Equity | ER1: Equity | ES1: Equity | ET1: Equity | EU1: Equity | EV1: Equity | EW1: Equity | EX1: Equity | EY1: Equity | EZ1: Equity | FA1: Equity | FB1: Equity | FC1: Equity | FD1: Equity | FE1: Equity | FF1: Equity | FG1: Equity | FH1: Equity | FI1: Equity | FJ1: Equity | FK1: Equity | FL1: Equity | FM1: Equity | FN1: Equity | FO1: Equity | FP1: Equity | FQ1: Equity | FR1: Equity | FS1: Fixed Income | FT1: Fixed Income | FU1: Fixed Income | FV1: Fixed Income | FW1: Fixed Income | FX1: Fixed Income | FY1: Fixed Income | FZ1: Fixed Income | GA1: Fixed Income | GB1: Fixed Income | GC1: Fixed Income | GD1: Fixed Income | GE1: Fixed Income | GF1: Fixed Income | GG1: Fixed Income | GH1: Fixed Income | GI1: Fixed Income | GJ1: Fixed Income | GK1: Fixed Income | GL1: Fixed Income | GM1: Fixed Income | GN1: Fixed Income | GO1: Fixed Income | GP1: Fixed Income | GQ1: Fixed Income | GR1: Fixed Income | GS1: Fixed Income | GT1: Fixed Income | GU1: Fixed Income | GV1: Fixed Income | GW1: Fixed Income | GX1: Fixed Income | GY1: Fixed Income | GZ1: Fixed Income | HA1: Fixed Income | HB1: Fixed Income | HC1: Fixed Income | HD1: Fixed Income | HE1: Fixed Income | HF1: Fixed Income | HG1: Fixed Income | HH1: Fixed Income | HI1: Fixed Income | HJ1: Fixed Income | HK1: Fixed Income | HL1: Fixed Income | HM1: Fixed Income | HN1: Fixed Income | HO1: Fixed Income | HP1: Fixed Income | HQ1: Fixed Income | HR1: Fixed Income | HS1: Fixed Income | HT1: Fixed Income | HU1: Fixed Income | HV1: Fixed Income | HW1: Fixed Income | HX1: Fixed Income | HY1: Fixed Income | HZ1: Fixed Income | IA1: Fixed Income | IB1: Fixed Income | IC1: Fixed Income | ID1: Fixed Income | IE1: Fixed Income | IF1: Fixed Income | IG1: Fixed Income | IH1: Fixed Income | II1: Fixed Income | IJ1: Fixed Income | IK1: Fixed Income | IL1: Fixed Income | IM1: Fixed Income | IN1: Fixed Income | IO1: Fixed Income | IP1: Fixed Income | IQ1: Fixed Income | IR1: Fixed Income | IS1: Fixed Income | IT1: Fixed Income | IU1: Fixed Income | IV1: Fixed Income | IW1: Fixed Income | IX1: Fixed Income | IY1: Fixed Income | IZ1: Fixed Income | JA1: Fixed Income | JB1: Fixed Income | JC1: Fixed Income | JD1: Fixed Income | JE1: Fixed Income | JF1: Fixed Income | JG1: Fixed Income | JH1: Fixed Income | JI1: Fixed Income | JJ1: Fixed Income | JK1: Fixed Income | JL1: Fixed Income | JM1: Fixed Income | JN1: Fixed Income | JO1: Fixed Income | JP1: Fixed Income | JQ1: Fixed Income | JR1: Fixed Income | JS1: Fixed Income | JT1: Fixed Income | JU1: Fixed Income | JV1: Fixed Income | JW1: Fixed Income | JX1: Fixed Income | JY1: Fixed Income | JZ1: Fixed Income | KA1: Fixed Income | KB1: Fixed Income | KC1: Fixed Income | KD1: Fixed Income | KE1: Fixed Income | KF1: Fixed Income
A2: Security | B2: SEC_53193 | C2: SEC_53431 | D2: SEC_55215 | E2: SEC_59945 | F2: SEC_61895 | G2: SEC_781 | H2: SEC_801 | I2: SEC_816 | J2: SEC_833 | K2: SEC_848 | L2: SEC_921 | M2: SEC_212 | N2: SEC_995 | O2: SEC_1025 | P2: SEC_1071 | Q2: SEC_1080 | R2: SEC_1083 | S2: SEC_1099 | T2: SEC_1141 | U2: SEC_1168 | V2: SEC_1243 | W2: SEC_1263 | X2: SEC_1265 | Y2: SEC_1276 | Z2: SEC_1327 | AA2: SEC_1396 | AB2: SEC_254 | AC2: SEC_1446 | AD2: SEC_1459 | AE2: SEC_1464 | AF2: SEC_1471 | AG2: SEC_1485 | AH2: SEC_1488 | AI2: SEC_1495 | AJ2: SEC_1517 | AK2: SEC_1521 | AL2: SEC_1527 | AM2: SEC_1542 | AN2: SEC_1557 | AO2: SEC_1575 | AP2: SEC_1603 | AQ2: SEC_1610 | AR2: SEC_1645 | AS2: SEC_1648 | AT2: SEC_1651 | AU2: SEC_1682 | AV2: SEC_1691 | AW2: SEC_1712 | AX2: SEC_1743 | AY2: SEC_1756 | AZ2: SEC_1843 | BA2: SEC_1919 | BB2: SEC_1931 | BC2: SEC_1935 | BD2: SEC_1948 | BE2: SEC_1950 | BF2: SEC_1952 | BG2: SEC_309 | BH2: SEC_312 | BI2: SEC_313 | BJ2: SEC_2019 | BK2: SEC_2030 | BL2: SEC_2055 | BM2: SEC_2161 | BN2: SEC_2231 | BO2: SEC_2237 | BP2: SEC_2361 | BQ2: SEC_2376 | BR2: SEC_2377 | BS2: SEC_2378 | BT2: SEC_360 | BU2: SEC_368 | BV2: SEC_376 | BW2: SEC_379 | BX2: SEC_381 | BY2: SEC_380 | BZ2: SEC_382 | CA2: SEC_390 | CB2: SEC_401 | CC2: SEC_30271 | CD2: SEC_30327 | CE2: SEC_30400 | CF2: SEC_30432 | CG2: SEC_30454 | CH2: SEC_30515 | CI2: SEC_31430 | CJ2: SEC_31596 | CK2: SEC_31608 | CL2: SEC_31690 | CM2: SEC_31729 | CN2: SEC_31732 | CO2: SEC_31791 | CP2: SEC_31800 | CQ2: SEC_31831 | CR2: SEC_31855 | CS2: SEC_31911 | CT2: SEC_32143 | CU2: SEC_32182 | CV2: SEC_32259 | CW2: SEC_32260 | CX2: SEC_32265 | CY2: SEC_32267 | CZ2: SEC_32354 | DA2: SEC_32358 | DB2: SEC_32369 | DC2: SEC_32412 | DD2: SEC_32505 | DE2: SEC_32518 | DF2: SEC_32542 | DG2: SEC_32566 | DH2: SEC_32608 | DI2: SEC_32638 | DJ2: SEC_32643 | DK2: SEC_32662 | DL2: SEC_32908 | DM2: SEC_33026 | DN2: SEC_33156 | DO2: SEC_3476 | DP2: SEC_3524 | DQ2: SEC_34324 | DR2: SEC_34325 | DS2: SEC_34331 | DT2: SEC_34332 | DU2: SEC_34380 | DV2: SEC_34382 | DW2: SEC_34383 | DX2: SEC_34400 | DY2: SEC_34712 | DZ2: SEC_34993 | EA2: SEC_35370 | EB2: SEC_35592 | EC2: SEC_35687 | ED2: SEC_35739 | EE2: SEC_36023 | EF2: SEC_36027 | EG2: SEC_36060 | EH2: SEC_36061 | EI2: SEC_36222 | EJ2: SEC_493 | EK2: SEC_37483 | EL2: SEC_37527 | EM2: SEC_37567 | EN2: SEC_37696 | EO2: SEC_37698 | EP2: SEC_37725 | EQ2: SEC_37782 | ER2: SEC_37910 | ES2: SEC_37912 | ET2: SEC_38156 | EU2: SEC_508 | EV2: SEC_38614 | EW2: SEC_39115 | EX2: SEC_40073 | EY2: SEC_40196 | EZ2: SEC_40478 | FA2: SEC_41205 | FB2: SEC_538 | FC2: SEC_42703 | FD2: SEC_44383 | FE2: SEC_45180 | FF2: SEC_45184 | FG2: SEC_47245 | FH2: SEC_47252 | FI2: SEC_47893 | FJ2: SEC_48155 | FK2: SEC_48274 | FL2: SEC_48615 | FM2: SEC_48862 | FN2: SEC_48933 | FO2: SEC_49102 | FP2: SEC_49103 | FQ2: SEC_49961 | FR2: SEC_52162 | FS2: SEC_0F403 | FT2: SEC_0JK21 | FU2: SEC_0NF72 | FV2: SEC_0P6D3 | FW2: SEC_0QX34 | FX2: SEC_135M7 | FY2: SEC_14Z13 | FZ2: SEC_18757 | GA2: SEC_20L07 | GB2: SEC_5VV22 | GC2: SEC_5XT07 | GD2: SEC_65ST7 | GE2: SEC_F7DR0 | GF2: SEC_JMG89 | GG2: SEC_RSV19 | GH2: SEC_B4135 | GI2: SEC_33D13 | GJ2: SEC_L1154 | GK2: SEC_LP6G4 | GL2: SEC_27BZ2 | GM2: SEC_TLS84 | GN2: SEC_1X0S5 | GO2: SEC_GCL71 | GP2: SEC_XPYX9 | GQ2: SEC_9G4J0 | GR2: SEC_DNVC5 | GS2: SEC_G1P31 | GT2: SEC_T8C00 | GU2: SEC_7MHZ3 | GV2: SEC_GDGQ2 | GW2: SEC_C2TJ2 | GX2: SEC_HX8C2 | GY2: SEC_J9PN9 | GZ2: SEC_B58P4 | HA2: SEC_GLT68 | HB2: SEC_FQLZ9 | HC2: SEC_T0FY6 | HD2: SEC_B1T83 | HE2: SEC_VN390 | HF2: SEC_Y95J9 | HG2: SEC_1H156 | HH2: SEC_2QB59 | HI2: SEC_LJC13 | HJ2: SEC_GWFB7 | HK2: SEC_37N03 | HL2: SEC_43T98 | HM2: SEC_H0QN2 | HN2: SEC_2CV78 | HO2: SEC_423Y5 | HP2: SEC_RCL18 | HQ2: SEC_LRJS8 | HR2: SEC_107R6 | HS2: SEC_TTT84 | HT2: SEC_ZGWL1 | HU2: SEC_PZ4H6 | HV2: SEC_KRZ04 | HW2: SEC_T3F72 | HX2: SEC_C6M61 | HY2: SEC_STF39 | HZ2: SEC_7Q1D5 | IA2: SEC_9XF58 | IB2: SEC_KXNT0 | IC2: SEC_ZSDY8 | ID2: SEC_XPW89 | IE2: SEC_PNXQ9 | IF2: SEC_SM6R1 | IG2: SEC_HWLH9 | IH2: SEC_S90J5 | II2: SEC_KDPB1 | IJ2: SEC_N4N96 | IK2: SEC_SCRX2 | IL2: SEC_6QY06 | IM2: SEC_G66Y8 | IN2: SEC_P6QX5 | IO2: SEC_N2QB4 | IP2: SEC_5QFV0 | IQ2: SEC_Z10Y1 | IR2: SEC_TN617 | IS2: SEC_SDN29 | IT2: SEC_F55S4 | IU2: SEC_SVGY4 | IV2: SEC_2LDF9 | IW2: SEC_MR8J2 | IX2: SEC_WZ2R3 | IY2: SEC_HPSK5 | IZ2: SEC_5W5Z1 | JA2: SEC_L0025 | JB2: SEC_Z2FC7 | JC2: SEC_HP462 | JD2: SEC_70BH0 | JE2: SEC_QJ967 | JF2: SEC_RGF04 | JG2: SEC_8K1G3 | JH2: SEC_FR980 | JI2: SEC_YDQ31 | JJ2: SEC_13F09 | JK2: SEC_K2CM0 | JL2: SEC_90LN4 | JM2: SEC_PXHM1 | JN2: SEC_3KRZ5 | JO2: SEC_1H7W3 | JP2: SEC_7CKF4 | JQ2: SEC_YDK08 | JR2: SEC_G4LB8 | JS2: SEC_9HMT4 | JT2: SEC_FVYB1 | JU2: SEC_YBNV8 | JV2: SEC_VBBX4 | JW2: SEC_QGPV7 | JX2: SEC_P61Y4 | JY2: SEC_9BNM6 | JZ2: SEC_P0JP2 | KA2: SEC_GG101 | KB2: SEC_D2NQ8 | KC2: SEC_57V40 | KD2: SEC_GVD47 | KE2: SEC_B6FK0 | KF2: SEC_TSNR3
A3: 43831
A4: 43832
A5: 43833
A6: 43834
A7: 43835
A8: 43836
A9: 43837
A10: 43838
A11: 43839
A12: 43840
A13: 43841
A14: 43842
... A368: 44196
